Date,Action,Price,Balance
2025-03-09 12:11:00,BUY,84302.77,8995.0
2025-03-09 12:12:00,TAKE-PROFIT,84646.12,9994.052455808984
2025-03-09 14:22:00,BUY,83283.94,8989.052455808984
2025-03-09 14:23:00,TAKE-PROFIT,83787.32,9990.066377580697
2025-03-09 14:24:00,BUY,83377.99,8985.066377580697
2025-03-09 14:25:00,TAKE-PROFIT,83706.01,9983.980838699274
2025-03-09 14:27:00,BUY,83257.35,8978.980838699274
2025-03-09 14:28:00,TAKE-PROFIT,83483.52,9976.683773034802
2025-03-09 14:47:00,BUY,83314.29,8971.683773034802
2025-03-09 14:48:00,TAKE-PROFIT,83676.92,9971.01456490736
2025-03-09 14:49:00,BUY,83349.93,8966.01456490736
2025-03-09 14:50:00,TAKE-PROFIT,83642.51,9964.507274499318
2025-03-09 15:57:00,BUY,83106.38,8959.507274499318
2025-03-09 15:58:00,TAKE-PROFIT,83507.34,9959.307810872097
2025-03-09 15:59:00,BUY,83080.41,8954.307810872097
2025-03-09 16:00:00,TAKE-PROFIT,83516.86,9954.534888470775
2025-03-09 16:01:00,BUY,83064.01,8949.534888470775
2025-03-09 16:02:00,TAKE-PROFIT,83576.0,9950.667870131545
2025-03-09 16:03:00,BUY,82968.69,8945.667870131545
2025-03-09 16:04:00,TAKE-PROFIT,83487.04,9946.88416991885
2025-03-09 16:05:00,BUY,82840.03,8941.88416991885
2025-03-09 16:06:00,TAKE-PROFIT,83383.49,9943.411723083667
2025-03-09 16:07:00,BUY,82859.68,8938.411723083667
2025-03-09 16:08:00,TAKE-PROFIT,83353.81,9939.345361132957
2025-03-09 17:01:00,BUY,82428.0,8934.345361132957
2025-03-09 17:02:00,TAKE-PROFIT,82881.54,9934.82010636516
2025-03-09 17:54:00,BUY,82349.99,8929.82010636516
2025-03-09 17:55:00,TAKE-PROFIT,82740.0,9929.53243177042
2025-03-09 17:57:00,BUY,82278.0,8924.53243177042
2025-03-09 17:58:00,TAKE-PROFIT,82708.0,9924.732485247656
2025-03-09 18:13:00,BUY,82573.41,8919.732485247656
2025-03-09 18:14:00,TAKE-PROFIT,83218.01,9922.4998403805
2025-03-09 18:15:00,BUY,82504.49,8917.4998403805
2025-03-09 18:16:00,TAKE-PROFIT,83268.01,9921.707853180773
2025-03-09 18:17:00,BUY,82418.01,8916.707853180773
2025-03-09 18:18:00,TAKE-PROFIT,83223.89,9921.43692331969
2025-03-09 18:19:00,BUY,82336.25,8916.43692331969
2025-03-09 18:20:00,TAKE-PROFIT,83248.0,9922.455050207907
2025-03-09 18:21:00,BUY,82436.01,8917.455050207907
2025-03-09 18:22:00,TAKE-PROFIT,82992.64,9919.173556477193
2025-03-09 18:23:00,BUY,82592.99,8914.173556477193
2025-03-09 18:24:00,TAKE-PROFIT,82957.31,9913.562529439669
2025-03-09 19:18:00,BUY,82422.0,8908.562529439669
2025-03-09 19:19:00,TAKE-PROFIT,82950.0,9909.936555791855
2025-03-09 19:20:00,BUY,82441.17,8904.936555791855
2025-03-09 19:21:00,TAKE-PROFIT,82792.69,9904.179125372078
2025-03-09 19:23:00,BUY,82462.0,8899.179125372078
2025-03-09 19:24:00,TAKE-PROFIT,82801.8,9898.279207834305
2025-03-09 19:56:00,BUY,82604.73,8893.279207834305
2025-03-09 19:57:00,TAKE-PROFIT,83065.98,9893.835109415242
2025-03-09 19:58:00,BUY,82547.3,8888.835109415242
2025-03-09 19:59:00,TAKE-PROFIT,83093.99,9890.424744085303
2025-03-09 20:20:00,BUY,82932.73,8885.424744085303
2025-03-09 20:21:00,TAKE-PROFIT,83301.99,9884.85500581671
2025-03-09 23:02:00,BUY,80408.27,8879.85500581671
2025-03-09 23:03:00,TAKE-PROFIT,80851.93,9880.345009519064
2025-03-09 23:04:00,BUY,80233.7,8875.345009519064
2025-03-09 23:05:00,TAKE-PROFIT,80900.0,9878.607977573634
2025-03-09 23:06:00,BUY,80025.69,8873.607977573634
2025-03-09 23:07:00,TAKE-PROFIT,80876.13,9879.181929513317
2025-03-09 23:08:00,BUY,80163.4,8874.181929513317
2025-03-09 23:09:00,TAKE-PROFIT,80792.01,9876.984329985353
2025-03-09 23:46:00,BUY,80430.0,8871.984329985353
2025-03-09 23:47:00,TAKE-PROFIT,80839.99,9872.056318671166
2025-03-09 23:48:00,BUY,80411.99,8867.056318671166
2025-03-09 23:49:00,TAKE-PROFIT,81149.98,9871.188042062167
2025-03-09 23:50:00,BUY,80523.2,8866.188042062167
2025-03-09 23:51:00,TAKE-PROFIT,81184.25,9869.356430178885
2025-03-09 23:53:00,BUY,80738.26,8864.356430178885
2025-03-09 23:54:00,TAKE-PROFIT,81249.67,9865.658931000677
2025-03-09 23:55:00,BUY,80701.0,8860.658931000677
2025-03-09 23:56:00,TAKE-PROFIT,81020.01,9859.592153017751
2025-03-09 23:58:00,BUY,80606.86,8854.592153017751
2025-03-09 23:59:00,TAKE-PROFIT,80949.19,9853.817827482679
2025-03-10 00:19:00,BUY,80578.0,8848.817827482679
2025-03-10 00:20:00,SELL,80520.01,9843.101750513779
2025-03-10 00:31:00,BUY,80325.67,8838.101750513779
2025-03-10 00:32:00,TAKE-PROFIT,80877.36,9839.935575242536
2025-03-10 00:33:00,BUY,80195.24,8834.935575242536
2025-03-10 00:34:00,TAKE-PROFIT,80989.23,9839.786783992582
2025-03-10 00:35:00,BUY,80176.01,8834.786783992582
2025-03-10 00:36:00,TAKE-PROFIT,81199.99,9842.49457651057
2025-03-10 00:37:00,BUY,80204.0,8837.49457651057
2025-03-10 00:38:00,TAKE-PROFIT,81277.78,9845.815746277663
2025-03-10 00:39:00,BUY,80214.85,8840.815746277663
2025-03-10 00:40:00,TAKE-PROFIT,81309.58,9849.394981917947
2025-03-10 00:41:00,BUY,80406.01,8844.394981917947
2025-03-10 00:42:00,TAKE-PROFIT,81262.01,9849.987722435726
2025-03-10 00:43:00,BUY,80837.59,8844.987722435726
2025-03-10 00:44:00,TAKE-PROFIT,81326.0,9845.999380502228
2025-03-10 00:45:00,BUY,80961.99,8840.999380502228
2025-03-10 00:46:00,TAKE-PROFIT,81311.79,9840.298323747076
2025-03-10 00:47:00,BUY,81002.0,8835.298323747076
2025-03-10 00:48:00,TAKE-PROFIT,81668.36,9838.483654973466
2025-03-10 00:49:00,BUY,81080.0,8833.483654973466
2025-03-10 00:50:00,TAKE-PROFIT,81845.42,9837.876759314857
2025-03-10 00:54:00,BUY,81309.58,8832.876759314857
2025-03-10 00:55:00,TAKE-PROFIT,81594.0,9831.357258168744
2025-03-10 01:16:00,BUY,80900.45,8826.357258168744
2025-03-10 01:17:00,TAKE-PROFIT,81525.6,9829.046019479712
2025-03-10 01:18:00,BUY,80994.0,8824.046019479712
2025-03-10 01:19:00,TAKE-PROFIT,81655.82,9827.17638592661
2025-03-10 01:27:00,BUY,81242.55,8822.17638592661
2025-03-10 01:28:00,TAKE-PROFIT,81724.54,9823.079450884567
2025-03-10 01:29:00,BUY,81302.02,8818.079450884567
2025-03-10 01:30:00,TAKE-PROFIT,81690.53,9817.834159931155
2025-03-10 01:37:00,BUY,81413.14,8812.834159931155
2025-03-10 01:38:00,TAKE-PROFIT,81823.11,9812.844655165709
2025-03-10 02:02:00,BUY,81873.63,8807.844655165709
2025-03-10 02:03:00,TAKE-PROFIT,82451.76,9809.870596851695
2025-03-10 02:04:00,BUY,81626.0,8804.870596851695
2025-03-10 02:05:00,TAKE-PROFIT,82276.97,9807.805754154515
2025-03-10 02:06:00,BUY,81649.34,8802.805754154515
2025-03-10 02:07:00,TAKE-PROFIT,82308.02,9805.832599196985
2025-03-10 02:08:00,BUY,81748.21,8800.832599196985
2025-03-10 02:09:00,TAKE-PROFIT,82331.31,9802.929812701721
2025-03-10 02:10:00,BUY,81868.28,8797.929812701721
2025-03-10 02:11:00,TAKE-PROFIT,82112.0,9795.891904979708
2025-03-10 02:12:00,BUY,81801.35,8790.891904979708
2025-03-10 02:13:00,TAKE-PROFIT,82255.61,9791.417348019462
2025-03-10 02:24:00,BUY,82270.0,8786.417348019462
2025-03-10 02:25:00,TAKE-PROFIT,82568.34,9785.02556851296
2025-03-10 03:26:00,BUY,81809.96,8780.02556851296
2025-03-10 03:27:00,TAKE-PROFIT,82258.95,9780.486334537047
2025-03-10 03:29:00,BUY,81818.62,8775.486334537047
2025-03-10 03:30:00,TAKE-PROFIT,82234.72,9775.546545770138
2025-03-10 03:31:00,BUY,81947.08,8770.546545770138
2025-03-10 03:32:00,TAKE-PROFIT,82310.77,9769.962463335474
2025-03-10 06:41:00,BUY,81995.25,8764.962463335474
2025-03-10 06:42:00,TAKE-PROFIT,82361.22,9764.403454124575
2025-03-10 06:47:00,BUY,82110.46,8759.403454124575
2025-03-10 06:48:00,TAKE-PROFIT,82483.1,9758.919039593222
2025-03-10 06:49:00,BUY,82147.7,8753.919039593222
2025-03-10 06:50:00,TAKE-PROFIT,82650.0,9755.003062639515
2025-03-10 08:54:00,BUY,81462.31,8750.003062639515
2025-03-10 08:55:00,TAKE-PROFIT,81720.24,9748.1534809127
2025-03-10 08:56:00,BUY,81294.0,8743.1534809127
2025-03-10 08:57:00,TAKE-PROFIT,81791.99,9744.248642302226
2025-03-10 08:58:00,BUY,81333.33,8739.248642302226
2025-03-10 08:59:00,TAKE-PROFIT,81827.51,9740.294246238522
2025-03-10 09:00:00,BUY,81460.0,8735.294246238522
2025-03-10 09:01:00,TAKE-PROFIT,82077.96,9737.842370471275
2025-03-10 09:02:00,BUY,81614.75,8732.842370471275
2025-03-10 09:03:00,TAKE-PROFIT,82935.48,9743.943949536333
2025-03-10 09:04:00,BUY,81613.93,8738.943949536333
2025-03-10 09:05:00,TAKE-PROFIT,83105.47,9752.128128389135
2025-03-10 09:06:00,BUY,81819.66,8747.128128389135
2025-03-10 09:07:00,TAKE-PROFIT,83296.92,9760.09292682511
2025-03-10 09:08:00,BUY,81750.13,8755.09292682511
2025-03-10 09:09:00,TAKE-PROFIT,83660.6,9773.345705138734
2025-03-10 09:10:00,BUY,81704.66,8768.345705138734
2025-03-10 09:11:00,TAKE-PROFIT,83708.06,9787.743126289499
2025-03-10 09:12:00,BUY,81770.0,8782.743126289499
2025-03-10 09:13:00,TAKE-PROFIT,83375.1,9797.274427500211
2025-03-10 09:14:00,BUY,81945.91,8792.274427500211
2025-03-10 09:15:00,TAKE-PROFIT,83238.89,9802.973992005627
2025-03-10 09:16:00,BUY,82437.65,8797.973992005627
2025-03-10 09:17:00,TAKE-PROFIT,83004.01,9799.809803070111
2025-03-10 10:44:00,BUY,81943.73,8794.809803070111
2025-03-10 10:45:00,TAKE-PROFIT,82288.19,9793.992401299409
2025-03-10 10:46:00,BUY,81891.8,8788.992401299409
2025-03-10 10:47:00,TAKE-PROFIT,82386.8,9790.00673973134
2025-03-10 10:49:00,BUY,82020.84,8785.00673973134
2025-03-10 10:50:00,TAKE-PROFIT,82361.41,9784.138215951287
2025-03-10 11:13:00,BUY,82145.1,8779.138215951287
2025-03-10 11:14:00,TAKE-PROFIT,82574.29,9779.336871135833
2025-03-10 11:16:00,BUY,82259.98,8774.336871135833
2025-03-10 11:17:00,TAKE-PROFIT,82657.5,9774.145192265985
2025-03-10 11:38:00,BUY,82519.71,8769.145192265985
2025-03-10 11:39:00,TAKE-PROFIT,82963.62,9769.497737130721
2025-03-10 11:40:00,BUY,82532.99,8764.497737130721
2025-03-10 11:41:00,TAKE-PROFIT,83402.0,9769.974335034178
2025-03-10 11:42:00,BUY,82543.51,8764.974335034178
2025-03-10 11:43:00,TAKE-PROFIT,83609.09,9772.81910138831
2025-03-10 11:44:00,BUY,82531.89,8767.81910138831
2025-03-10 11:45:00,TAKE-PROFIT,83582.0,9775.479170726356
2025-03-10 11:46:00,BUY,82625.1,8770.479170726356
2025-03-10 11:47:00,TAKE-PROFIT,83245.57,9772.95108482994
2025-03-10 11:48:00,BUY,82667.91,8767.95108482994
2025-03-10 11:49:00,TAKE-PROFIT,83643.98,9774.69917003011
2025-03-10 11:50:00,BUY,82730.24,8769.69917003011
2025-03-10 11:51:00,TAKE-PROFIT,83527.52,9774.28808939019
2025-03-10 12:28:00,BUY,82802.0,8769.28808939019
2025-03-10 12:29:00,TAKE-PROFIT,83144.19,9768.400055888584
2025-03-10 12:32:00,BUY,82872.0,8763.400055888584
2025-03-10 12:33:00,TAKE-PROFIT,83156.49,9761.815775914649
2025-03-10 12:38:00,BUY,82921.19,8756.815775914649
2025-03-10 12:39:00,TAKE-PROFIT,83266.88,9755.963829626855
2025-03-10 12:40:00,BUY,83065.0,8750.963829626855
2025-03-10 12:41:00,TAKE-PROFIT,83333.55,9749.180674868534
2025-03-10 14:50:00,BUY,79459.31,8744.180674868534
2025-03-10 14:51:00,TAKE-PROFIT,79914.08,9744.87536501875
2025-03-10 14:52:00,BUY,79408.89,8739.87536501875
2025-03-10 14:53:00,TAKE-PROFIT,80115.28,9743.726490503566
2025-03-10 14:54:00,BUY,79435.22,8738.726490503566
2025-03-10 14:55:00,TAKE-PROFIT,80191.26,9743.196594570754
2025-03-10 14:56:00,BUY,79492.01,8738.196594570754
2025-03-10 14:57:00,TAKE-PROFIT,79961.82,9739.077197539531
2025-03-10 14:58:00,BUY,79521.56,8734.077197539531
2025-03-10 14:59:00,TAKE-PROFIT,80184.09,9737.366991527477
2025-03-10 15:00:00,BUY,79709.89,8732.366991527477
2025-03-10 15:01:00,TAKE-PROFIT,80314.54,9734.914696711865
2025-03-10 15:17:00,BUY,80203.79,8729.914696711865
2025-03-10 15:18:00,TAKE-PROFIT,80580.9,9729.593084728192
2025-03-10 15:19:00,BUY,80011.61,8724.593084728192
2025-03-10 15:20:00,TAKE-PROFIT,80923.81,9730.936925953234
2025-03-10 15:21:00,BUY,79984.72,8725.936925953234
2025-03-10 15:22:00,TAKE-PROFIT,80894.21,9732.250868791316
2025-03-10 15:23:00,BUY,80161.35,8727.250868791316
2025-03-10 15:24:00,TAKE-PROFIT,80937.78,9731.888279463667
2025-03-10 15:25:00,BUY,80399.79,8726.888279463667
2025-03-10 15:26:00,TAKE-PROFIT,80643.19,9724.900513699602
2025-03-10 15:27:00,BUY,80210.62,8719.900513699602
2025-03-10 15:28:00,TAKE-PROFIT,80455.89,9717.943049089554
2025-03-10 17:03:00,BUY,78653.86,8712.943049089554
2025-03-10 17:04:00,TAKE-PROFIT,79035.26,9712.767898117942
2025-03-10 17:05:00,BUY,78593.96,8707.767898117942
2025-03-10 17:06:00,TAKE-PROFIT,78919.87,9706.893920651988
2025-03-10 17:07:00,BUY,78487.04,8701.893920651988
2025-03-10 17:08:00,TAKE-PROFIT,79288.3,9707.051695744538
2025-03-10 17:09:00,BUY,78659.99,8702.051695744538
2025-03-10 17:10:00,TAKE-PROFIT,79127.71,9702.968063137923
2025-03-10 17:11:00,BUY,78450.0,8697.968063137923
2025-03-10 17:12:00,TAKE-PROFIT,79160.0,9701.97316192696
2025-03-10 17:13:00,BUY,78437.61,8696.97316192696
2025-03-10 17:14:00,TAKE-PROFIT,79054.52,9699.79881405991
2025-03-10 17:58:00,BUY,78546.99,8694.79881405991
2025-03-10 17:59:00,TAKE-PROFIT,78661.71,9691.25203842917
2025-03-10 18:01:00,BUY,78480.01,8686.25203842917
2025-03-10 18:02:00,TAKE-PROFIT,78740.0,9684.548292468893
2025-03-10 18:07:00,BUY,78235.28,8679.548292468893
2025-03-10 18:08:00,TAKE-PROFIT,78532.0,9678.321991495726
2025-03-10 18:54:00,BUY,77840.0,8673.321991495726
2025-03-10 18:55:00,STOP-LOSS,77738.01,9667.018290956157
2025-03-10 18:58:00,BUY,77608.0,8662.018290956157
2025-03-10 18:59:00,TAKE-PROFIT,77938.0,9661.249169216131
2025-03-10 19:00:00,BUY,77904.13,8656.249169216131
2025-03-10 19:01:00,TAKE-PROFIT,78335.7,9656.761228076168
2025-03-10 19:02:00,BUY,77752.02,8651.761228076168
2025-03-10 19:03:00,TAKE-PROFIT,78160.89,9651.99357638043
2025-03-10 19:04:00,BUY,77546.27,8646.99357638043
2025-03-10 19:05:00,TAKE-PROFIT,78370.2,9652.565462687791
2025-03-10 19:06:00,BUY,77664.48,8647.565462687791
2025-03-10 19:07:00,TAKE-PROFIT,78291.97,9650.604563059029
2025-03-10 19:08:00,BUY,77588.57,8645.604563059029
2025-03-10 19:09:00,TAKE-PROFIT,78445.99,9651.600163313034
2025-03-10 19:10:00,BUY,77717.36,8646.600163313034
2025-03-10 19:11:00,TAKE-PROFIT,78839.38,9655.965163616698
2025-03-10 19:12:00,BUY,77926.0,8650.965163616698
2025-03-10 19:13:00,TAKE-PROFIT,78825.97,9657.456452146842
2025-03-10 19:14:00,BUY,78006.17,8652.456452146842
2025-03-10 19:15:00,TAKE-PROFIT,78587.41,9654.870401581868
2025-03-10 19:16:00,BUY,78323.0,8649.870401581868
2025-03-10 19:17:00,TAKE-PROFIT,78968.95,9653.07642344007
2025-03-10 19:18:00,BUY,78278.69,8648.07642344007
2025-03-10 19:19:00,TAKE-PROFIT,79215.9,9654.989294618676
2025-03-10 19:20:00,BUY,78370.0,8649.989294618676
2025-03-10 19:21:00,TAKE-PROFIT,79318.76,9657.034926875916
2025-03-10 19:22:00,BUY,78250.09,8652.034926875916
2025-03-10 19:23:00,TAKE-PROFIT,79134.0,9658.274408517407
2025-03-10 19:24:00,BUY,78670.18,8653.274408517407
2025-03-10 19:25:00,TAKE-PROFIT,79309.22,9656.356820430028
2025-03-10 20:37:00,BUY,78759.99,8651.356820430028
2025-03-10 20:38:00,TAKE-PROFIT,79414.01,9654.619263073811
2025-03-10 20:41:00,BUY,78763.93,8649.619263073811
2025-03-10 20:42:00,TAKE-PROFIT,79643.62,9655.732110667881
2025-03-10 20:43:00,BUY,78694.01,8650.732110667881
2025-03-10 20:44:00,TAKE-PROFIT,79439.9,9655.163076887546
2025-03-10 20:45:00,BUY,78759.99,8650.163076887546
2025-03-10 20:46:00,TAKE-PROFIT,79294.53,9651.916090695699
2025-03-10 20:47:00,BUY,78604.7,8646.916090695699
2025-03-10 20:48:00,TAKE-PROFIT,79223.22,9649.7454876656
2025-03-10 20:59:00,BUY,79304.98,8644.7454876656
2025-03-10 21:00:00,TAKE-PROFIT,79659.86,9644.197989891814
2025-03-10 21:01:00,BUY,79247.99,8639.197989891814
2025-03-10 21:02:00,TAKE-PROFIT,79482.11,9637.13748905135
2025-03-10 21:03:00,BUY,79083.61,8632.13748905135
2025-03-10 21:04:00,TAKE-PROFIT,79382.75,9630.901155125775
2025-03-10 21:05:00,BUY,79094.29,8625.901155125775
2025-03-10 21:06:00,TAKE-PROFIT,79352.72,9624.152184372007
2025-03-10 21:21:00,BUY,79297.69,8619.152184372007
2025-03-10 21:22:00,TAKE-PROFIT,79856.9,9621.168958126704
2025-03-10 21:23:00,BUY,79386.32,8616.168958126704
2025-03-10 21:24:00,TAKE-PROFIT,79879.72,9617.353058863455
2025-03-10 21:49:00,BUY,79461.9,8612.353058863455
2025-03-10 21:50:00,TAKE-PROFIT,79706.72,9610.418627393781
2025-03-10 22:41:00,BUY,79319.34,8605.418627393781
2025-03-10 22:42:00,TAKE-PROFIT,79605.64,9604.010040282492
2025-03-10 22:44:00,BUY,79219.1,8599.010040282492
2025-03-10 22:45:00,TAKE-PROFIT,79502.36,9597.567814859583
2025-03-10 23:54:00,BUY,78789.87,8592.567814859583
2025-03-10 23:55:00,TAKE-PROFIT,79059.91,9590.978022288533
2025-03-11 00:41:00,BUY,76923.2,8585.978022288533
2025-03-11 00:42:00,TAKE-PROFIT,77060.09,9582.748691605462
2025-03-11 00:43:00,BUY,76889.48,8577.748691605462
2025-03-11 00:44:00,TAKE-PROFIT,77491.25,9580.53598773492
2025-03-11 00:45:00,BUY,76839.98,8575.53598773492
2025-03-11 00:46:00,TAKE-PROFIT,77445.84,9578.38126177065
2025-03-11 00:47:00,BUY,76899.98,8573.38126177065
2025-03-11 00:48:00,TAKE-PROFIT,77262.28,9573.069019816881
2025-03-11 00:50:00,BUY,76920.65,8568.069019816881
2025-03-11 00:51:00,TAKE-PROFIT,77167.96,9566.26807559709
2025-03-11 01:06:00,BUY,76924.0,8561.26807559709
2025-03-11 01:07:00,TAKE-PROFIT,77296.31,9561.083847657826
2025-03-11 01:10:00,BUY,77189.58,8556.083847657826
2025-03-11 01:11:00,TAKE-PROFIT,77550.85,9555.740741114172
2025-03-11 01:12:00,BUY,77319.99,8550.740741114172
2025-03-11 01:13:00,TAKE-PROFIT,77644.63,9549.918403320286
2025-03-11 01:14:00,BUY,77116.54,8544.918403320286
2025-03-11 01:15:00,TAKE-PROFIT,77744.13,9548.015914567548
2025-03-11 01:16:00,BUY,77245.02,8543.015914567548
2025-03-11 01:17:00,TAKE-PROFIT,78317.16,9551.826245641318
2025-03-11 01:18:00,BUY,77415.15,8546.826245641318
2025-03-11 01:19:00,TAKE-PROFIT,78240.2,9552.430432935407
2025-03-11 01:20:00,BUY,77331.41,8547.430432935407
2025-03-11 01:21:00,TAKE-PROFIT,78400.0,9556.179659155387
2025-03-11 01:22:00,BUY,77395.53,8551.179659155387
2025-03-11 01:23:00,TAKE-PROFIT,78608.8,9561.777506343718
2025-03-11 01:24:00,BUY,77513.95,8556.777506343718
2025-03-11 01:25:00,TAKE-PROFIT,78396.0,9563.099852192434
2025-03-11 01:26:00,BUY,77790.51,8558.099852192434
2025-03-11 01:27:00,TAKE-PROFIT,78600.63,9563.461905352902
2025-03-11 01:28:00,BUY,77628.39,8558.461905352902
2025-03-11 01:29:00,TAKE-PROFIT,78899.99,9569.760607412805
2025-03-11 01:30:00,BUY,78017.8,8564.760607412805
2025-03-11 01:31:00,TAKE-PROFIT,78713.36,9568.631431763146
2025-03-11 01:32:00,BUY,78029.8,8563.631431763146
2025-03-11 01:33:00,TAKE-PROFIT,78693.97,9567.100621098502
2025-03-11 01:34:00,BUY,78189.81,8562.100621098502
2025-03-11 01:35:00,TAKE-PROFIT,78810.0,9564.992813827963
2025-03-11 01:36:00,BUY,78570.67,8559.992813827963
2025-03-11 01:37:00,TAKE-PROFIT,79004.15,9560.482299917365
2025-03-11 01:38:00,BUY,78473.62,8555.482299917365
2025-03-11 01:39:00,TAKE-PROFIT,78963.52,9556.693947857144
2025-03-11 01:40:00,BUY,78533.96,8551.693947857144
2025-03-11 01:41:00,TAKE-PROFIT,78823.64,9550.364100234536
2025-03-11 01:42:00,BUY,78784.98,8545.364100234536
2025-03-11 01:43:00,TAKE-PROFIT,78946.85,9542.408406776214
2025-03-11 01:45:00,BUY,78713.36,8537.408406776214
2025-03-11 01:46:00,TAKE-PROFIT,79257.71,9539.289427355186
2025-03-11 01:47:00,BUY,78693.97,8534.289427355186
2025-03-11 01:48:00,TAKE-PROFIT,79359.72,9537.707114885756
2025-03-11 01:49:00,BUY,78810.0,8532.707114885756
2025-03-11 01:50:00,TAKE-PROFIT,79042.57,9530.643381222515
2025-03-11 01:52:00,BUY,78889.57,8525.643381222515
2025-03-11 01:53:00,TAKE-PROFIT,79426.8,9527.419230678914
2025-03-11 01:54:00,BUY,78851.51,8522.419230678914
2025-03-11 01:55:00,TAKE-PROFIT,79416.02,9524.542587606384
2025-03-11 02:42:00,BUY,79170.89,8519.542587606384
2025-03-11 02:43:00,TAKE-PROFIT,79400.0,9517.421984945482
2025-03-11 02:47:00,BUY,79123.43,8512.421984945482
2025-03-11 02:48:00,TAKE-PROFIT,79525.95,9512.48379027925
2025-03-11 02:58:00,BUY,79370.02,8507.48379027925
2025-03-11 02:59:00,TAKE-PROFIT,79760.0,9507.372665197008
2025-03-11 03:58:00,BUY,79459.98,8502.372665197008
2025-03-11 03:59:00,TAKE-PROFIT,79845.24,9502.196901246401
2025-03-11 04:01:00,BUY,79531.52,8497.196901246401
2025-03-11 04:02:00,TAKE-PROFIT,79896.8,9496.766832765377
2025-03-11 04:05:00,BUY,79692.91,8491.766832765377
2025-03-11 04:06:00,TAKE-PROFIT,80115.96,9492.04879260346
2025-03-11 04:07:00,BUY,79813.48,8487.04879260346
2025-03-11 04:08:00,TAKE-PROFIT,80072.49,9485.277757810842
2025-03-11 04:57:00,BUY,79800.01,8480.277757810842
2025-03-11 04:58:00,TAKE-PROFIT,80184.78,9480.075328011648
2025-03-11 04:59:00,BUY,79759.91,8475.075328011648
2025-03-11 05:00:00,TAKE-PROFIT,80181.78,9475.33813046466
2025-03-11 05:01:00,BUY,79821.4,8470.33813046466
2025-03-11 05:02:00,TAKE-PROFIT,80296.12,9471.25567137474
2025-03-11 06:59:00,BUY,80099.33,8466.25567137474
2025-03-11 07:00:00,TAKE-PROFIT,80454.95,9465.673210198098
2025-03-11 08:00:00,BUY,80388.06,8460.673210198098
2025-03-11 08:01:00,TAKE-PROFIT,80816.31,9460.9738574584
2025-03-11 08:02:00,BUY,80358.62,8455.9738574584
2025-03-11 08:03:00,TAKE-PROFIT,80739.5,9455.689911566846
2025-03-11 08:04:00,BUY,80442.7,8450.689911566846
2025-03-11 08:05:00,TAKE-PROFIT,80832.9,9450.516315951581
2025-03-11 08:06:00,BUY,80502.56,8445.516315951581
2025-03-11 08:07:00,TAKE-PROFIT,80809.98,9444.315982695098
2025-03-11 08:34:00,BUY,80956.45,8439.315982695098
2025-03-11 08:35:00,TAKE-PROFIT,81350.52,9439.159323157779
2025-03-11 08:36:00,BUY,80871.04,8434.159323157779
2025-03-11 08:37:00,TAKE-PROFIT,81298.4,9434.4173636133
2025-03-11 08:57:00,BUY,81050.11,8429.4173636133
2025-03-11 08:58:00,TAKE-PROFIT,81427.39,9429.048987185433
2025-03-11 09:19:00,BUY,81264.96,8424.048987185433
2025-03-11 09:20:00,TAKE-PROFIT,81748.01,9424.963402820413
2025-03-11 09:22:00,BUY,81456.91,8419.963402820413
2025-03-11 09:23:00,TAKE-PROFIT,81796.36,9419.109800590719
2025-03-11 12:12:00,BUY,81422.88,8414.109800590719
2025-03-11 12:13:00,TAKE-PROFIT,81899.84,9414.938324465089
2025-03-11 13:08:00,BUY,80778.24,8409.938324465089
2025-03-11 13:09:00,TAKE-PROFIT,81198.37,9410.11334870429
2025-03-11 13:10:00,BUY,80723.45,8405.11334870429
2025-03-11 13:11:00,TAKE-PROFIT,81136.96,9405.210287078455
2025-03-11 13:12:00,BUY,80836.74,8400.210287078455
2025-03-11 13:13:00,TAKE-PROFIT,82071.59,9410.409758878035
2025-03-11 13:15:00,BUY,80912.08,8405.409758878035
2025-03-11 13:16:00,TAKE-PROFIT,81757.16,9410.801959894248
2025-03-11 13:23:00,BUY,81198.37,8405.801959894248
2025-03-11 13:25:00,TAKE-PROFIT,81410.18,9403.397467045439
2025-03-11 13:26:00,BUY,81034.91,8398.397467045439
2025-03-11 13:27:00,SELL,82071.59,9406.126506912331
2025-03-11 13:35:00,BUY,81086.74,8401.126506912331
2025-03-11 13:36:00,TAKE-PROFIT,81504.0,9401.246625195543
2025-03-11 14:38:00,BUY,79386.15,8396.246625195543
2025-03-11 14:39:00,TAKE-PROFIT,79997.7,9398.911592573353
2025-03-11 14:40:00,BUY,79369.49,8393.911592573353
2025-03-11 14:41:00,TAKE-PROFIT,80236.71,9399.783325527666
2025-03-11 14:42:00,BUY,79217.97,8394.783325527666
2025-03-11 14:43:00,TAKE-PROFIT,79966.11,9399.18017450019
2025-03-11 14:44:00,BUY,79470.69,8394.18017450019
2025-03-11 14:45:00,TAKE-PROFIT,79773.04,9392.965699075352
2025-03-11 14:47:00,BUY,79638.44,8387.965699075352
2025-03-11 14:48:00,TAKE-PROFIT,80025.53,9387.801988560681
2025-03-11 14:49:00,BUY,79380.84,8382.801988560681
2025-03-11 14:50:00,TAKE-PROFIT,80193.3,9387.98577724319
2025-03-11 14:51:00,BUY,79685.57,8382.98577724319
2025-03-11 14:52:00,TAKE-PROFIT,80500.24,9388.15821687059
2025-03-11 14:53:00,BUY,79997.7,8383.15821687059
2025-03-11 14:54:00,TAKE-PROFIT,80700.27,9386.896682476476
2025-03-11 14:55:00,BUY,80236.71,8381.896682476476
2025-03-11 14:56:00,TAKE-PROFIT,80756.7,9383.344978399875
2025-03-11 14:57:00,BUY,79966.11,8378.344978399875
2025-03-11 14:58:00,TAKE-PROFIT,81178.14,9388.425990218506
2025-03-11 14:59:00,BUY,79773.04,8383.425990218506
2025-03-11 15:00:00,TAKE-PROFIT,81225.68,9396.544602722179
2025-03-11 15:01:00,BUY,80008.91,8391.544602722179
2025-03-11 15:02:00,TAKE-PROFIT,81132.73,9400.520557400227
2025-03-11 15:03:00,BUY,80045.53,8395.520557400227
2025-03-11 15:04:00,TAKE-PROFIT,81037.48,9402.850918008746
2025-03-11 15:05:00,BUY,80293.2,8397.850918008746
2025-03-11 15:06:00,TAKE-PROFIT,81034.24,9402.033947206735
2025-03-11 15:08:00,BUY,80700.27,8397.033947206735
2025-03-11 15:09:00,TAKE-PROFIT,80848.98,9393.867478246966
2025-03-11 15:24:00,BUY,80780.01,8388.867478246966
2025-03-11 15:25:00,TAKE-PROFIT,81221.98,9389.311401192754
2025-03-11 15:41:00,BUY,81126.28,8384.311401192754
2025-03-11 15:42:00,TAKE-PROFIT,81453.53,9383.325066678217
2025-03-11 15:43:00,BUY,81121.74,8378.325066678217
2025-03-11 15:44:00,TAKE-PROFIT,81277.59,9375.236647346974
2025-03-11 15:50:00,BUY,81084.51,8370.236647346974
2025-03-11 15:51:00,TAKE-PROFIT,81319.26,9368.117299274203
2025-03-11 16:10:00,BUY,80914.44,8363.117299274203
2025-03-11 16:11:00,TAKE-PROFIT,81430.92,9364.46842275723
2025-03-11 16:12:00,BUY,80802.03,8359.46842275723
2025-03-11 16:13:00,TAKE-PROFIT,81548.81,9363.664306821034
2025-03-11 16:14:00,BUY,80668.97,8358.664306821034
2025-03-11 16:15:00,TAKE-PROFIT,81487.27,9363.75751242413
2025-03-11 16:16:00,BUY,80873.06,8358.75751242413
2025-03-11 16:17:00,TAKE-PROFIT,81496.56,9361.42857742402
2025-03-11 16:18:00,BUY,80799.64,8356.42857742402
2025-03-11 16:19:00,TAKE-PROFIT,81639.99,9361.776992961515
2025-03-11 16:20:00,BUY,81020.0,8356.776992961515
2025-03-11 16:21:00,TAKE-PROFIT,81700.0,9360.128017399926
2025-03-11 16:23:00,BUY,81298.23,8355.128017399926
2025-03-11 16:24:00,TAKE-PROFIT,81590.01,9353.699080386168
2025-03-11 17:02:00,BUY,81156.88,8348.699080386168
2025-03-11 17:03:00,TAKE-PROFIT,81600.71,9349.140527248097
2025-03-11 17:04:00,BUY,81240.81,8344.140527248097
2025-03-11 17:05:00,TAKE-PROFIT,81542.21,9342.831935544002
2025-03-11 17:28:00,BUY,80812.43,8337.831935544002
2025-03-11 17:29:00,TAKE-PROFIT,81292.46,9338.742286835257
2025-03-11 17:33:00,BUY,81125.06,8333.742286835257
2025-03-11 17:34:00,TAKE-PROFIT,81687.64,9335.642338434602
2025-03-11 17:35:00,BUY,80855.3,8330.642338434602
2025-03-11 17:36:00,TAKE-PROFIT,81657.99,9335.520188742497
2025-03-11 17:37:00,BUY,80956.12,8330.520188742497
2025-03-11 17:38:00,TAKE-PROFIT,81513.15,9332.366426556266
2025-03-11 17:39:00,BUY,81054.2,8327.366426556266
2025-03-11 17:40:00,TAKE-PROFIT,81406.49,9326.691045761687
2025-03-11 17:49:00,BUY,81524.54,8321.691045761687
2025-03-11 17:50:00,TAKE-PROFIT,81915.91,9321.467682955838
2025-03-11 17:52:00,BUY,81513.15,8316.467682955838
2025-03-11 17:53:00,TAKE-PROFIT,81954.81,9316.858858490092
2025-03-11 17:54:00,BUY,81406.49,8311.858858490092
2025-03-11 17:55:00,TAKE-PROFIT,81975.39,9313.81230286535
2025-03-11 17:56:00,BUY,81304.0,8308.81230286535
2025-03-11 17:57:00,TAKE-PROFIT,82071.32,9313.202780578624
2025-03-11 17:58:00,BUY,81276.41,8308.202780578624
2025-03-11 17:59:00,TAKE-PROFIT,82408.96,9317.067655392853
2025-03-11 18:00:00,BUY,81489.64,8312.067655392853
2025-03-11 18:01:00,TAKE-PROFIT,82266.63,9316.554812901464
2025-03-11 18:02:00,BUY,81729.54,8311.554812901464
2025-03-11 18:03:00,TAKE-PROFIT,82117.0,9311.271867469495
2025-03-11 18:04:00,BUY,81915.91,8306.271867469495
2025-03-11 18:05:00,TAKE-PROFIT,82277.56,9305.664686276
2025-03-11 18:06:00,BUY,81841.39,8300.664686276
2025-03-11 18:07:00,TAKE-PROFIT,82811.03,9307.453242164409
2025-03-11 18:08:00,BUY,81944.79,8302.453242164409
2025-03-11 18:09:00,TAKE-PROFIT,82705.99,9306.695977425552
2025-03-11 18:10:00,BUY,82130.0,8301.695977425552
2025-03-11 18:11:00,TAKE-PROFIT,82682.02,9303.38366645514
2025-03-11 18:17:00,BUY,82117.0,8298.38366645514
2025-03-11 18:18:00,TAKE-PROFIT,82659.64,9299.958758092682
2025-03-11 18:30:00,BUY,82408.0,8294.958758092682
2025-03-11 18:31:00,TAKE-PROFIT,82969.01,9296.732432371879
2025-03-11 18:34:00,BUY,82453.0,8291.732432371879
2025-03-11 18:35:00,TAKE-PROFIT,83058.26,9294.036395841977
2025-03-11 18:36:00,BUY,82523.88,8289.036395841977
2025-03-11 18:37:00,TAKE-PROFIT,83250.73,9292.800110660039
2025-03-11 18:38:00,BUY,82533.25,8287.800110660039
2025-03-11 18:39:00,TAKE-PROFIT,83415.32,9293.434123618452
2025-03-11 18:40:00,BUY,82638.19,8288.434123618452
2025-03-11 18:41:00,TAKE-PROFIT,83286.25,9291.237049844207
2025-03-11 18:42:00,BUY,82715.12,8286.237049844207
2025-03-11 18:43:00,TAKE-PROFIT,83277.34,9288.000128952355
2025-03-11 19:18:00,BUY,82928.98,8283.000128952355
2025-03-11 19:19:00,TAKE-PROFIT,83449.99,9284.251320634685
2025-03-11 19:24:00,BUY,82903.54,8279.251320634685
2025-03-11 19:25:00,TAKE-PROFIT,83286.47,9278.847208216808
2025-03-11 20:33:00,BUY,82745.3,8273.847208216808
2025-03-11 20:34:00,TAKE-PROFIT,82998.57,9271.892742525102
2025-03-12 00:20:00,BUY,82758.35,8266.892742525102
2025-03-12 00:21:00,TAKE-PROFIT,83125.73,9266.309736097352
2025-03-12 01:27:00,BUY,83074.19,8261.309736097352
2025-03-12 01:28:00,TAKE-PROFIT,83476.8,9261.131895061526
2025-03-12 01:29:00,BUY,83077.71,8256.131895061526
2025-03-12 01:30:00,TAKE-PROFIT,83346.4,9254.349924903707
2025-03-12 01:32:00,BUY,83108.47,8249.349924903707
2025-03-12 01:33:00,TAKE-PROFIT,83538.57,9249.499213538187
2025-03-12 01:35:00,BUY,83116.46,8244.499213538187
2025-03-12 01:36:00,TAKE-PROFIT,83506.13,9244.164013386497
2025-03-12 01:37:00,BUY,83225.49,8239.164013386497
2025-03-12 01:38:00,TAKE-PROFIT,83648.54,9239.221775737911
2025-03-12 01:39:00,BUY,83251.0,8234.221775737911
2025-03-12 01:40:00,TAKE-PROFIT,83770.0,9235.424764290601
2025-03-12 07:18:00,BUY,81392.27,8230.424764290601
2025-03-12 07:19:00,TAKE-PROFIT,81825.85,9230.725170582255
2025-03-12 07:35:00,BUY,81774.71,8225.725170582255
2025-03-12 07:36:00,TAKE-PROFIT,82243.48,9226.428965190637
2025-03-12 07:37:00,BUY,81786.21,8221.428965190637
2025-03-12 07:38:00,TAKE-PROFIT,82391.56,9223.793571644463
2025-03-12 07:39:00,BUY,81813.92,8218.793571644463
2025-03-12 07:40:00,TAKE-PROFIT,82510.02,9222.259362062523
2025-03-12 07:41:00,BUY,81803.3,8217.259362062523
2025-03-12 07:42:00,TAKE-PROFIT,82398.39,9219.497634234916
2025-03-12 07:43:00,BUY,81900.0,8214.497634234916
2025-03-12 07:44:00,TAKE-PROFIT,82388.9,9215.437261829544
2025-03-12 07:45:00,BUY,81830.95,8210.437261829544
2025-03-12 07:46:00,TAKE-PROFIT,82546.5,9214.137787119791
2025-03-12 07:47:00,BUY,81980.0,8209.137787119791
2025-03-12 07:48:00,TAKE-PROFIT,82599.99,9211.662671847773
2025-03-12 07:49:00,BUY,82256.67,8206.662671847773
2025-03-12 07:50:00,TAKE-PROFIT,82635.0,9206.239058783933
2025-03-12 08:23:00,BUY,82118.14,8201.239058783933
2025-03-12 08:24:00,TAKE-PROFIT,82602.53,9202.108261983129
2025-03-12 08:32:00,BUY,82421.34,8197.108261983129
2025-03-12 08:33:00,TAKE-PROFIT,82686.35,9195.307493517099
2025-03-12 11:52:00,BUY,82900.0,8190.307493517099
2025-03-12 11:53:00,TAKE-PROFIT,83200.13,9188.909777594301
2025-03-12 12:15:00,BUY,83024.88,8183.909777594301
2025-03-12 12:16:00,TAKE-PROFIT,84125.43,9192.099164317895
2025-03-12 12:17:00,BUY,83094.23,8187.099164317895
2025-03-12 12:18:00,TAKE-PROFIT,84019.09,9193.173768414954
2025-03-12 12:19:00,BUY,83001.45,8188.173768414954
2025-03-12 12:20:00,TAKE-PROFIT,83927.3,9194.272619700083
2025-03-12 12:21:00,BUY,83042.25,8189.272619700083
2025-03-12 12:22:00,TAKE-PROFIT,84063.39,9196.507768675454
2025-03-12 12:23:00,BUY,83104.75,8191.507768675454
2025-03-12 12:24:00,TAKE-PROFIT,83774.06,9194.521311222661
2025-03-12 12:25:00,BUY,82979.42,8189.521311222661
2025-03-12 12:26:00,TAKE-PROFIT,83513.84,9190.929501349803
2025-03-12 12:27:00,BUY,83099.07,8185.929501349803
2025-03-12 12:28:00,TAKE-PROFIT,83833.4,9189.72211900485
2025-03-12 12:45:00,BUY,83579.41,8184.722119004849
2025-03-12 12:46:00,TAKE-PROFIT,84167.49,9186.72312080661
2025-03-12 12:47:00,BUY,83541.04,8181.72312080661
2025-03-12 12:48:00,TAKE-PROFIT,83972.23,9181.858729005886
2025-03-12 12:49:00,BUY,83672.0,8176.858729005886
2025-03-12 12:50:00,TAKE-PROFIT,83987.52,9175.610789432312
2025-03-12 13:28:00,BUY,83300.01,8170.610789432312
2025-03-12 13:29:00,TAKE-PROFIT,83637.45,9169.641434806785
2025-03-12 13:56:00,BUY,82421.15,8164.641434806785
2025-03-12 13:57:00,TAKE-PROFIT,82723.4,9163.290240362156
2025-03-12 15:10:00,BUY,80789.14,8158.290240362156
2025-03-12 15:11:00,TAKE-PROFIT,81120.57,9157.372136146663
2025-03-12 15:12:00,BUY,80923.38,8152.372136146663
2025-03-12 15:13:00,TAKE-PROFIT,81337.05,9152.45844927397
2025-03-12 15:14:00,BUY,80929.48,8147.4584492739705
2025-03-12 15:15:00,TAKE-PROFIT,81252.85,9146.434171717758
2025-03-12 15:16:00,BUY,80884.01,8141.434171717758
2025-03-12 15:17:00,TAKE-PROFIT,81515.14,9144.198059165969
2025-03-12 15:18:00,BUY,81149.2,8139.1980591659685
2025-03-12 15:19:00,TAKE-PROFIT,81572.29,9139.385720288938
2025-03-12 15:20:00,BUY,80985.26,8134.385720288938
2025-03-12 15:21:00,TAKE-PROFIT,81571.84,9136.59255150736
2025-03-12 15:22:00,BUY,80810.05,8131.5925515073595
2025-03-12 15:23:00,TAKE-PROFIT,81541.65,9135.60061424213
2025-03-12 15:24:00,BUY,81113.71,8130.60061424213
2025-03-12 15:25:00,TAKE-PROFIT,81567.22,9131.163699076988
2025-03-12 15:28:00,BUY,81267.3,8126.1636990769875
2025-03-12 15:29:00,TAKE-PROFIT,81710.44,9126.589304455782
2025-03-12 15:35:00,BUY,81571.84,8121.5893044557815
2025-03-12 15:36:00,TAKE-PROFIT,81915.97,9120.786946068378
2025-03-12 15:55:00,BUY,81658.12,8115.786946068378
2025-03-12 15:56:00,TAKE-PROFIT,82137.71,9116.630725596979
2025-03-12 15:58:00,BUY,81696.73,8111.630725596979
2025-03-12 15:59:00,TAKE-PROFIT,82146.65,9112.110386778033
2025-03-12 16:00:00,BUY,81710.56,8107.110386778033
2025-03-12 16:01:00,TAKE-PROFIT,82199.0,9108.058183488763
2025-03-12 16:44:00,BUY,81663.5,8103.0581834887635
2025-03-12 16:45:00,TAKE-PROFIT,81970.76,9101.801884162871
2025-03-12 16:51:00,BUY,81934.08,8096.801884162871
2025-03-12 16:52:00,TAKE-PROFIT,82234.49,9095.450035823327
2025-03-12 16:54:00,BUY,81932.23,8090.450035823327
2025-03-12 16:55:00,TAKE-PROFIT,82419.49,9091.36741046332
2025-03-12 16:56:00,BUY,81956.26,8086.367410463319
2025-03-12 16:57:00,TAKE-PROFIT,82478.6,9087.708943129646
2025-03-12 16:58:00,BUY,82020.25,8082.708943129646
2025-03-12 16:59:00,TAKE-PROFIT,82403.36,9082.356508212659
2025-03-12 17:00:00,BUY,82017.79,8077.356508212659
2025-03-12 17:01:00,TAKE-PROFIT,82578.94,9079.1641075152
2025-03-12 17:02:00,BUY,82154.76,8074.1641075152
2025-03-12 17:03:00,TAKE-PROFIT,82572.08,9074.218390431979
2025-03-12 17:04:00,BUY,82156.95,8069.218390431979
2025-03-12 17:05:00,TAKE-PROFIT,82693.16,9070.712411327351
2025-03-12 17:06:00,BUY,82234.49,8065.712411327351
2025-03-12 17:07:00,TAKE-PROFIT,82782.84,9067.34719741285
2025-03-12 17:08:00,BUY,82306.32,8062.34719741285
2025-03-12 17:09:00,TAKE-PROFIT,82763.22,9062.870655392748
2025-03-12 17:56:00,BUY,81839.63,8057.870655392748
2025-03-12 17:57:00,TAKE-PROFIT,82155.28,9056.708304096683
2025-03-12 18:00:00,BUY,81916.77,8051.708304096683
2025-03-12 18:01:00,TAKE-PROFIT,82456.92,9053.26922257528
2025-03-12 18:02:00,BUY,82008.72,8048.26922257528
2025-03-12 18:03:00,TAKE-PROFIT,82492.1,9049.13400256453
2025-03-12 18:04:00,BUY,81952.12,8044.1340025645295
2025-03-12 18:05:00,TAKE-PROFIT,82533.25,9046.189638831169
2025-03-12 18:06:00,BUY,81907.6,8041.189638831169
2025-03-12 18:07:00,TAKE-PROFIT,82548.66,9043.977129857643
2025-03-12 18:08:00,BUY,81952.17,8038.977129857643
2025-03-12 18:09:00,TAKE-PROFIT,82475.42,9040.330027529542
2025-03-12 18:10:00,BUY,82216.99,8035.330027529542
2025-03-12 18:11:00,TAKE-PROFIT,82565.0,9034.541686822835
2025-03-12 19:01:00,BUY,82517.16,8029.541686822835
2025-03-12 19:02:00,TAKE-PROFIT,82762.17,9027.49604140799
2025-03-12 19:05:00,BUY,82589.94,8022.496041407991
2025-03-12 19:06:00,TAKE-PROFIT,83012.65,9022.588628350177
2025-03-12 19:40:00,BUY,82585.04,8017.588628350177
2025-03-12 19:41:00,TAKE-PROFIT,83072.45,9018.461035144433
2025-03-12 19:42:00,BUY,82576.7,8013.4610351444335
2025-03-12 19:43:00,TAKE-PROFIT,83074.75,9014.462240690307
2025-03-12 19:44:00,BUY,82668.98,8009.462240690307
2025-03-12 19:45:00,TAKE-PROFIT,82915.93,9007.434519409604
2025-03-12 21:54:00,BUY,82882.99,8002.434519409604
2025-03-12 21:55:00,TAKE-PROFIT,83286.15,9002.27440513284
2025-03-13 01:37:00,BUY,83752.31,7997.274405132839
2025-03-13 01:38:00,TAKE-PROFIT,84097.06,8996.37012798514
2025-03-13 01:39:00,BUY,83711.58,7991.370127985139
2025-03-13 01:40:00,TAKE-PROFIT,84109.19,8991.096140204716
2025-03-13 03:08:00,BUY,83786.16,7986.096140204716
2025-03-13 03:09:00,TAKE-PROFIT,84150.0,8985.416911081433
2025-03-13 08:40:00,BUY,82461.07,7980.416911081433
2025-03-13 08:41:00,TAKE-PROFIT,82849.98,8980.109615772264
2025-03-13 08:42:00,BUY,82565.98,7975.109615772264
2025-03-13 08:43:00,TAKE-PROFIT,83033.2,8975.740069138166
2025-03-13 08:48:00,BUY,82810.04,7970.740069138166
2025-03-13 08:49:00,TAKE-PROFIT,83126.7,8969.544881936228
2025-03-13 09:07:00,BUY,83074.27,7964.544881936228
2025-03-13 09:08:00,TAKE-PROFIT,83349.19,8962.83766320292
2025-03-13 12:07:00,BUY,82784.19,7957.837663202919
2025-03-13 12:08:00,TAKE-PROFIT,83147.98,8957.210129129082
2025-03-13 12:09:00,BUY,82803.66,7952.210129129082
2025-03-13 12:10:00,TAKE-PROFIT,83196.7,8951.933045966332
2025-03-13 12:11:00,BUY,82775.23,7946.933045966332
2025-03-13 12:12:00,TAKE-PROFIT,83301.88,8948.263644504083
2025-03-13 12:13:00,BUY,82860.06,7943.263644504083
2025-03-13 12:14:00,TAKE-PROFIT,83325.81,8943.856462684518
2025-03-13 12:15:00,BUY,82929.11,7938.856462684518
2025-03-13 12:16:00,TAKE-PROFIT,83178.08,8936.843654395607
2025-03-13 13:12:00,BUY,82607.76,7931.843654395607
2025-03-13 13:13:00,TAKE-PROFIT,82923.98,8930.652484219827
2025-03-13 13:15:00,BUY,82565.66,7925.652484219827
2025-03-13 13:16:00,TAKE-PROFIT,82789.36,8923.348296255968
2025-03-13 13:17:00,BUY,82661.27,7918.348296255968
2025-03-13 13:18:00,TAKE-PROFIT,82811.52,8915.156866944515
2025-03-13 14:01:00,BUY,81660.02,7910.156866944515
2025-03-13 14:02:00,TAKE-PROFIT,82202.64,8911.768509949256
2025-03-13 14:03:00,BUY,81949.83,7906.7685099492555
2025-03-13 14:04:00,TAKE-PROFIT,82334.18,8906.43512426682
2025-03-13 14:05:00,BUY,82066.41,7901.43512426682
2025-03-13 14:06:00,TAKE-PROFIT,82289.46,8899.139455429839
2025-03-13 14:10:00,BUY,81896.98,7894.139455429839
2025-03-13 14:11:00,TAKE-PROFIT,82252.02,8893.452982009207
2025-03-13 17:49:00,BUY,80010.5,7888.452982009207
2025-03-13 17:50:00,TAKE-PROFIT,80351.02,8887.687643709858
2025-03-13 17:51:00,BUY,80113.38,7882.687643709858
2025-03-13 17:52:00,TAKE-PROFIT,80420.43,8881.50117335996
2025-03-13 17:53:00,BUY,80170.82,7876.50117335996
2025-03-13 17:54:00,TAKE-PROFIT,80528.05,8875.934754680446
2025-03-13 17:55:00,BUY,80087.6,7870.934754680446
2025-03-13 17:56:00,TAKE-PROFIT,80509.43,8871.175526660129
2025-03-13 17:57:00,BUY,80020.17,7866.1755266601285
2025-03-13 17:58:00,TAKE-PROFIT,80603.77,8868.4322220658
2025-03-13 17:59:00,BUY,80064.0,7863.4322220658
2025-03-13 18:00:00,TAKE-PROFIT,80730.3,8866.712703930309
2025-03-13 18:01:00,BUY,80206.48,7861.712703930309
2025-03-13 18:02:00,TAKE-PROFIT,80591.87,8861.493652427238
2025-03-13 18:09:00,BUY,80445.7,7856.493652427238
2025-03-13 18:10:00,TAKE-PROFIT,80842.42,8856.400520041045
2025-03-13 21:33:00,BUY,80492.0,7851.400520041045
2025-03-13 21:34:00,TAKE-PROFIT,80865.59,8851.018644202451
2025-03-14 00:37:00,BUY,81285.39,7846.0186442024515
2025-03-14 00:38:00,TAKE-PROFIT,81679.5,8845.842874608432
2025-03-14 00:39:00,BUY,81329.19,7840.842874608432
2025-03-14 00:40:00,TAKE-PROFIT,81595.35,8839.0991372123
2025-03-14 01:20:00,BUY,81297.27,7834.099137212301
2025-03-14 01:21:00,TAKE-PROFIT,81675.03,8833.7225544562
2025-03-14 01:24:00,BUY,81363.41,7828.722554456201
2025-03-14 01:25:00,TAKE-PROFIT,81630.52,8826.989065164147
2025-03-14 01:28:00,BUY,81412.74,7821.989065164147
2025-03-14 01:29:00,TAKE-PROFIT,81783.01,8821.514384542908
2025-03-14 01:31:00,BUY,81499.99,7816.514384542908
2025-03-14 01:32:00,TAKE-PROFIT,81791.7,8815.075752464549
2025-03-14 02:45:00,BUY,81886.02,7810.075752464549
2025-03-14 02:46:00,TAKE-PROFIT,82156.12,8808.357747364289
2025-03-14 07:31:00,BUY,82056.2,7803.357747364289
2025-03-14 07:32:00,TAKE-PROFIT,82376.16,8802.237529757333
2025-03-14 10:32:00,BUY,82884.88,7797.237529757333
2025-03-14 10:33:00,TAKE-PROFIT,83231.58,8796.399525286553
2025-03-14 13:19:00,BUY,83390.0,7791.399525286553
2025-03-14 13:20:00,TAKE-PROFIT,83685.95,8789.93076704216
2025-03-14 13:22:00,BUY,83398.37,7784.93076704216
2025-03-14 13:23:00,TAKE-PROFIT,83758.3,8784.224979866704
2025-03-14 13:40:00,BUY,83504.9,7779.2249798667035
2025-03-14 13:41:00,TAKE-PROFIT,83790.92,8777.633042148078
2025-03-14 13:42:00,BUY,83166.66,7772.633042148078
2025-03-14 13:43:00,TAKE-PROFIT,83603.5,8772.859364811511
2025-03-14 14:26:00,BUY,82855.14,7767.859364811511
2025-03-14 14:27:00,TAKE-PROFIT,83200.17,8767.002799364878
2025-03-14 14:35:00,BUY,82836.06,7762.002799364878
2025-03-14 14:36:00,TAKE-PROFIT,83219.14,8761.604232605427
2025-03-14 14:45:00,BUY,83144.75,7756.604232605427
2025-03-14 14:46:00,TAKE-PROFIT,83609.44,8757.165215710193
2025-03-14 14:47:00,BUY,83075.19,7752.165215710193
2025-03-14 14:48:00,TAKE-PROFIT,83858.68,8756.549155127002
2025-03-14 14:49:00,BUY,83169.97,7751.549155127002
2025-03-14 14:50:00,TAKE-PROFIT,83991.65,8756.379284920244
2025-03-14 14:51:00,BUY,83290.75,7751.379284920244
2025-03-14 14:52:00,TAKE-PROFIT,84235.97,8757.670981777337
2025-03-14 14:53:00,BUY,83339.84,7752.670981777337
2025-03-14 14:54:00,TAKE-PROFIT,84391.27,8760.224075831753
2025-03-14 14:55:00,BUY,83260.92,7755.224075831753
2025-03-14 14:56:00,TAKE-PROFIT,84163.11,8761.005593139032
2025-03-14 14:57:00,BUY,83403.36,7756.0055931390325
2025-03-14 14:58:00,TAKE-PROFIT,84330.54,8762.066827362689
2025-03-14 14:59:00,BUY,83524.8,7757.066827362689
2025-03-14 15:00:00,TAKE-PROFIT,84258.24,8760.80402637424
2025-03-14 15:01:00,BUY,83725.96,7755.8040263742405
2025-03-14 15:02:00,TAKE-PROFIT,84462.72,8759.559688297973
2025-03-14 15:03:00,BUY,84109.99,7754.5596882979735
2025-03-14 15:04:00,TAKE-PROFIT,84751.93,8757.153676836077
2025-03-14 15:05:00,BUY,84095.37,7752.153676836077
2025-03-14 15:06:00,TAKE-PROFIT,84814.51,8755.662400919222
2025-03-14 15:07:00,BUY,84214.57,7750.662400919222
2025-03-14 15:08:00,TAKE-PROFIT,84854.75,8753.226164529247
2025-03-14 15:09:00,BUY,84117.73,7748.226164529247
2025-03-14 15:10:00,TAKE-PROFIT,84783.49,8751.101212988116
2025-03-14 15:11:00,BUY,84400.01,7746.1012129881165
2025-03-14 15:12:00,TAKE-PROFIT,84855.32,8746.468907257347
2025-03-14 15:13:00,BUY,84223.2,7741.468907257347
2025-03-14 15:14:00,TAKE-PROFIT,84834.03,8743.685159430146
2025-03-14 15:15:00,BUY,84285.23,7738.685159430146
2025-03-14 15:16:00,TAKE-PROFIT,84982.89,8741.921142175877
2025-03-14 16:39:00,BUY,84264.85,7736.921142175877
2025-03-14 16:40:00,TAKE-PROFIT,84776.62,8737.964126290843
2025-03-14 16:41:00,BUY,84308.07,7732.964126290843
2025-03-14 16:42:00,TAKE-PROFIT,84788.68,8733.636263608183
2025-03-14 16:48:00,BUY,84386.56,7728.636263608183
2025-03-14 16:49:00,TAKE-PROFIT,84644.07,8726.67255813186
2025-03-14 17:52:00,BUY,84212.96,7721.672558131861
2025-03-14 17:53:00,TAKE-PROFIT,84500.02,8720.064253424367
2025-03-14 20:23:00,BUY,83723.66,7715.064253424367
2025-03-14 20:24:00,TAKE-PROFIT,84292.77,8716.827747160785
